customer_id,customer_name,email,Phone,Address
1,Christina Chen,christina.chen@gmail.com,(820) 847-9089,"7834 Lindsey Avenue, Lake Chelseaview, TX 97438"
2,Tracy Gregory,tracy.gregory@gmail.com,(651) 797-2644,"865 Fernandez Village, Johntown, NH 56882"
3,Peggy Ellis,peggy.ellis@gmail.com,(303) 212-3902,"719 Chang Track Apt. 422, Haroldmouth, DC 87093"
4,Elizabeth Ballard,elizabeth.ballard@gmail.com,(329) 368-8627,"USS Thompson, FPO AE 04143"
5,Janice Wells,janice.wells@gmail.com,(813) 920-8751,"56756 Henderson Lodge, Stevenborough, OR 91565"
6,Cameron Johnson,cameron.johnson@gmail.com,(309) 738-2649,"28243 Terry Lights Apt. 925, West Michelleshire, NC 38255"
7,Jonathan Cook,jonathan.cook@gmail.com,(390) 558-1985,"88278 Bullock Port Apt. 199, Emilyborough, NC 85342"
8,Sean Graves,sean.graves@gmail.com,(474) 905-8209,"346 Heather Pass, East Joshua, VT 79892"
9,Tara Jenkins,tara.jenkins@gmail.com,(857) 122-7645,"01163 Smith Springs, Wrighttown, FL 76809"
10,Brenda Williams,brenda.williams@gmail.com,(656) 587-4040,"69933 Taylor Shores Apt. 154, Taylorland, VA 88397"
11,Julia Hernandez,julia.hernandez@gmail.com,(884) 630-8780,"PSC 1494, Box 3351, APO AA 27594"
12,Peter Hughes,peter.hughes@gmail.com,(571) 796-4104,"109 Larson Streets Apt. 048, Calvinburgh, OK 45035"
13,Duane Mann,duane.mann@gmail.com,(821) 375-2228,"279 Flowers Cove, Silvastad, FL 11726"
14,Adrian Matthews,adrian.matthews@gmail.com,(857) 578-7056,"750 Sarah Shore Suite 826, Port Amber, ND 18710"
15,Ronald Gutierrez,ronald.gutierrez@gmail.com,(501) 404-8274,"572 Washington View, Port Joseph, MD 91491"
16,Curtis Faulkner,curtis.faulkner@gmail.com,(321) 644-1201,"136 Michael Causeway, Port Juliemouth, OR 42726"
17,Barbara Hill,barbara.hill@gmail.com,(235) 616-3791,"8525 Jessica Lights, Stevenchester, AK 07687"
18,Jessica Hopkins,jessica.hopkins@gmail.com,(800) 917-3905,"5678 Pedro Streets, Port Tiffany, KY 47041"
19,Elizabeth Cannon,elizabeth.cannon@gmail.com,(307) 956-6007,"224 Patton Oval Suite 608, Lake Cassandra, SC 93385"
20,Faith Curtis,faith.curtis@gmail.com,(798) 352-7013,"3614 Aaron Port Suite 863, Port Kevin, MT 56046"
21,Ashley Shea,ashley.shea@gmail.com,(574) 922-7447,"18896 Thomas Road Suite 323, Lake Mary, IA 43908"
22,Joshua Bowman,joshua.bowman@gmail.com,(274) 339-3454,"05264 Combs Overpass, North Kevinport, OK 32214"
23,Ashley Brown,ashley.brown@gmail.com,(878) 170-3152,"363 Emily Rest Apt. 644, Lake Marvinmouth, UT 14847"
24,John Hancock,john.hancock@gmail.com,(618) 314-2781,"3256 Mccullough Rapid Suite 099, Richardbury, NM 08705"
25,Brian Reed,brian.reed@gmail.com,(745) 906-6898,"779 George Shore Suite 426, Nelsonhaven, MA 75205"
26,Maureen Shaw,maureen.shaw@gmail.com,(984) 381-4747,"7336 Morris Lights, Brookefort, NC 59570"
27,Heather Webb,heather.webb@gmail.com,(662) 845-4219,"6054 Caldwell Prairie, Port Markfurt, WV 58362"
28,Anna Fox,anna.fox@gmail.com,(354) 532-2801,"7978 Jackson Pike, Ellisfurt, CO 58958"
29,Lynn Oliver,lynn.oliver@gmail.com,(806) 191-1908,"24804 Jasmine Junctions, West Robert, WA 66860"
30,Patricia Buck,patricia.buck@gmail.com,(811) 685-7502,"USNS Ortiz, FPO AP 68180"
31,Andrea Graham,andrea.graham@gmail.com,(752) 354-7150,"49656 Kathy Common, New Vicki, CA 36229"
32,Tasha Perez,tasha.perez@gmail.com,(561) 951-9697,"6123 Acevedo Mills Apt. 918, West Austin, KY 58677"
33,Elizabeth Jacobs,elizabeth.jacobs@gmail.com,(805) 486-7222,"991 Holmes Courts, Port David, UT 78596"
34,Jaime Hall,jaime.hall@gmail.com,(461) 775-7790,"PSC 6487, Box 5230, APO AA 56181"
35,Courtney Walton,courtney.walton@gmail.com,(322) 955-1077,"60694 Jerry Pike Suite 415, Port Christine, LA 89919"
36,Tina Harris,tina.harris@gmail.com,(422) 830-5652,"7563 Velez Lakes Apt. 953, Jacobfurt, TN 81205"
37,Andrew Day,andrew.day@gmail.com,(880) 425-9605,"153 Allen Gardens, New Dana, AR 18898"
38,Melissa Perry,melissa.perry@gmail.com,(220) 160-5846,"865 Emily Plaza, Jameshaven, VA 31543"
39,James Thompson,james.thompson@gmail.com,(254) 980-4484,"72806 Rebecca Meadows Apt. 339, South Kathrynville, SD 14157"
40,Patricia Sanders,patricia.sanders@gmail.com,(823) 682-5342,"509 Lucas Lights Apt. 194, Andrewbury, UT 23767"
41,Stephanie Williams,stephanie.williams@gmail.com,(208) 552-8542,"9739 Brooks Lodge, Rebeccaport, VT 40574"
42,Heather Benjamin,heather.benjamin@gmail.com,(580) 389-5712,"2152 Christian Divide, North Jacobside, KY 21348"
43,Miss Patricia Gibson MD,miss.patricia.gibson.md@gmail.com,(328) 986-5459,"0859 Williams Spur, Port Kimberlyburgh, IA 16117"
44,Suzanne Lee,suzanne.lee@gmail.com,(356) 298-8909,"5145 Terri Mountain, West Christopher, NH 75700"
45,Dylan Shields,dylan.shields@gmail.com,(809) 446-6672,"0315 Darrell Extension, Monicashire, PA 48550"
46,Jaclyn Garcia,jaclyn.garcia@gmail.com,(876) 813-5459,"290 Susan Loaf Apt. 287, Heatherstad, FL 64191"
47,Sarah White,sarah.white@gmail.com,(979) 849-7611,"8334 Stuart Roads, New Michael, TX 57552"
48,Stacy Moreno,stacy.moreno@gmail.com,(296) 342-1707,"591 Zachary Plaza Suite 276, New Gabrielhaven, CT 20882"
49,Diane Fuller,diane.fuller@gmail.com,(835) 684-2095,"899 Anthony Burg Apt. 134, Carltown, NJ 77558"
50,Nancy King,nancy.king@gmail.com,(276) 359-3894,"469 Nguyen Divide, Dunnhaven, MI 71158"
51,Peter Christensen,peter.christensen@gmail.com,(255) 218-8516,"5858 Gina Road, South Joseph, VA 74576"
52,Kelli Hoover,kelli.hoover@gmail.com,(299) 634-2625,"02767 Baxter Fall, East Levi, VA 48763"
53,Amy Perez,amy.perez@gmail.com,(833) 130-1584,"165 Michael Tunnel Apt. 366, Port Jeffrey, ND 66512"
54,Brendan Smith,brendan.smith@gmail.com,(998) 196-6125,"Unit 3559 Box 4433, DPO AA 10643"
55,Nicholas Brandt,nicholas.brandt@gmail.com,(864) 234-1395,"002 Cheryl Row, Lake Angela, NV 92647"
56,Leah Jarvis,leah.jarvis@gmail.com,(926) 923-4248,"009 Davis Square, East Janicebury, KS 25127"
57,Mark Nguyen,mark.nguyen@gmail.com,(973) 922-3995,"023 Summers Cliff Apt. 692, Stevehaven, CO 31943"
58,Dennis Martinez,dennis.martinez@gmail.com,(451) 146-1638,"USS Rivera, FPO AE 52628"
59,Richard Clements,richard.clements@gmail.com,(741) 462-7617,"6776 Fernandez Road, Riveraville, NY 31235"
60,John Robinson,john.robinson@gmail.com,(294) 112-4431,"49406 Carter Islands Suite 721, Ericksonville, IN 43503"
61,Molly Rodriguez,molly.rodriguez@gmail.com,(344) 619-2789,"589 Nelson Points, Greenbury, NE 16066"
62,Daniel Obrien,daniel.obrien@gmail.com,(499) 542-1135,"5520 Kathleen Lake, West David, MN 20506"
63,Andrew Lozano,andrew.lozano@gmail.com,(851) 558-8989,"7374 Jason Spring Suite 511, Harryberg, DC 56144"
64,Rachel Peterson,rachel.peterson@gmail.com,(969) 736-3483,"287 Tiffany Land Apt. 763, Lake Christopherside, AR 85270"
65,Tammy Velasquez,tammy.velasquez@gmail.com,(871) 982-8466,"2239 Rice Lake, New Ralph, NE 09354"
66,Ryan Cunningham,ryan.cunningham@gmail.com,(888) 387-5392,"33166 Dustin Brooks Apt. 357, Lindamouth, CT 82064"
67,George Cruz,george.cruz@gmail.com,(872) 467-2182,"PSC 0143, Box 3849, APO AE 11695"
68,Melissa Gates,melissa.gates@gmail.com,(477) 821-4103,"660 Mosley Turnpike, East Stephenchester, WA 52317"
69,Caleb Garza,caleb.garza@gmail.com,(612) 395-1069,"263 Matthew Harbors, Velazquezberg, IL 62815"
70,Sylvia Kelly,sylvia.kelly@gmail.com,(317) 887-2247,"7957 Aguilar Mountains Suite 287, Montgomerymouth, OH 11261"
71,Kelly West DDS,kelly.west.dds@gmail.com,(785) 282-5293,"32325 Garcia Port, Brettbury, ND 24333"
72,Debbie Kelly,debbie.kelly@gmail.com,(815) 402-7956,"1211 Brittany Fords Apt. 748, East Patricia, IA 57487"
73,Donna Byrd,donna.byrd@gmail.com,(594) 840-6698,"4331 Elijah Field Suite 076, Lake Richardside, ND 42348"
74,Jason Phillips,jason.phillips@gmail.com,(835) 618-5911,"0742 Patterson Court Apt. 512, Port Walter, VT 27018"
75,Patrick Thomas,patrick.thomas@gmail.com,(531) 705-3893,"637 Wood Square, Danielbury, SD 43407"
76,Brian Martinez,brian.martinez@gmail.com,(716) 746-6113,"25171 Wright Isle Apt. 818, Pittmanchester, ID 22804"
77,Jason Stone,jason.stone@gmail.com,(456) 267-5278,"465 Jaime Gateway Suite 898, New Stacey, OR 77349"
78,Rebecca Phillips,rebecca.phillips@gmail.com,(937) 562-1805,"10683 Drake Pine Apt. 957, Scottview, ME 71686"
79,Jennifer Holt,jennifer.holt@gmail.com,(879) 456-6613,"73802 Cameron Forks Apt. 577, Lake Natalietown, RI 39235"
80,Scott West,scott.west@gmail.com,(759) 348-6228,"097 Cynthia Trace, Hopkinsfurt, WI 47027"
81,Ryan Ellis,ryan.ellis@gmail.com,(686) 589-2365,"536 Oneill Harbor, Burchfort, WV 63212"
82,Mr. Brian Williams,mr..brian.williams@gmail.com,(426) 556-1534,"617 Daniel Mills, Jonview, KS 10509"
83,Daniel Fisher,daniel.fisher@gmail.com,(214) 206-9449,"708 Brian Avenue, Kellyfort, VT 65492"
84,Kathy Morales,kathy.morales@gmail.com,(250) 126-4597,"Unit 8210 Box 8845, DPO AA 27141"
85,Charles Lopez,charles.lopez@gmail.com,(228) 266-5945,"546 Gabrielle Viaduct Apt. 951, South Lisa, LA 55983"
86,Donald Yu,donald.yu@gmail.com,(392) 610-2031,"PSC 3563, Box 7812, APO AE 30619"
87,Amber Stanton,amber.stanton@gmail.com,(200) 344-2711,"48940 Davis Cape Suite 391, West Desireehaven, DE 75455"
88,Charles Knight,charles.knight@gmail.com,(951) 396-6480,"1628 Krystal Crossroad, Hallmouth, ID 53686"
89,Jacob Anderson,jacob.anderson@gmail.com,(947) 371-9759,"0190 Moore Springs Suite 618, West Edwardchester, FL 88109"
90,Brian Hoover,brian.hoover@gmail.com,(265) 784-9218,"46599 Nash Path, Johnsonchester, MT 39362"
91,Howard Atkins,howard.atkins@gmail.com,(300) 619-3236,"144 Fisher Isle, Nguyenland, AL 76103"
92,Kristin Foster,kristin.foster@gmail.com,(249) 100-3728,"434 Santos Summit, Ellisville, NC 60589"
93,Jeffrey Welch,jeffrey.welch@gmail.com,(466) 239-9089,"11540 Paul Road Apt. 324, West Heidifurt, NC 81993"
94,Heidi Silva,heidi.silva@gmail.com,(851) 443-1642,"0121 Curtis Islands Suite 413, Priceton, IA 73835"
95,Amy Harmon,amy.harmon@gmail.com,(905) 190-8468,"692 Philip Grove, Turnerview, NM 90259"
96,Autumn Thomas,autumn.thomas@gmail.com,(911) 795-2070,"0953 Price Expressway Apt. 816, Davidland, NH 10158"
97,Susan Guerrero MD,susan.guerrero.md@gmail.com,(981) 995-7518,"36077 Thomas Hills, Lake Stephen, FL 63256"
98,Kimberly Fleming,kimberly.fleming@gmail.com,(843) 882-6883,"8866 Green Spring Suite 804, East Martha, UT 83166"
99,Michael Armstrong,michael.armstrong@gmail.com,(382) 842-6941,"53555 Matthew Overpass Suite 941, East Arthur, FL 75491"
100,Nicholas Scott,nicholas.scott@gmail.com,(280) 330-4844,"8786 Stephanie Burg Suite 683, Port Kimberlytown, NC 16880"
101,Victoria Key,victoria.key@gmail.com,(336) 717-6798,"449 Atkinson Forest Apt. 652, West Juanfort, TX 74416"
102,Tiffany Moses,tiffany.moses@gmail.com,(229) 405-8263,"45891 Ramos Shore Suite 666, Melissashire, AR 55035"
103,Samantha Hampton,samantha.hampton@gmail.com,(684) 894-5029,"764 Booker Alley Apt. 172, Shelleyshire, MD 91250"
104,Peter Sherman,peter.sherman@gmail.com,(696) 443-7785,"55320 Stephanie Way Apt. 659, Lindseyberg, UT 45845"
105,Mark Parker,mark.parker@gmail.com,(950) 808-4595,"41234 Terri Summit Apt. 361, New Robert, MT 42033"
106,Michael Proctor,michael.proctor@gmail.com,(887) 801-4365,"USNV Moreno, FPO AP 21039"
107,Kenneth Spence,kenneth.spence@gmail.com,(260) 195-1670,"500 Kimberly Track Suite 721, West Randyfort, LA 83844"
108,Amy Edwards,amy.edwards@gmail.com,(412) 434-2098,"5513 Thomas Inlet, Merrittside, PA 85127"
109,Alan Santos,alan.santos@gmail.com,(796) 890-8037,"933 Bonnie Shoal Apt. 272, North Kevin, MD 42486"
110,Michael Brown,michael.brown@gmail.com,(605) 606-2323,"987 Spence Streets, Duranstad, ME 71664"
111,Brian Ramirez,brian.ramirez@gmail.com,(455) 816-6875,"53159 Mays Mews, Port Kimberlyfurt, ID 82547"
112,Cindy Barajas,cindy.barajas@gmail.com,(773) 769-2120,"PSC 6733, Box 2940, APO AA 64805"
113,Benjamin Roberts,benjamin.roberts@gmail.com,(411) 273-4510,"5489 Ramirez Ridge, Port James, WI 88986"
114,Amy Dudley,amy.dudley@gmail.com,(790) 231-7256,"3566 Laura Crest, Kellybury, TX 01440"
115,Caitlin Mahoney,caitlin.mahoney@gmail.com,(759) 693-3235,"8919 Shirley Trail Suite 336, West Beth, ME 69879"
116,Adrian Preston,adrian.preston@gmail.com,(427) 918-6462,"PSC 4726, Box 7797, APO AE 55478"
117,Jamie Hale,jamie.hale@gmail.com,(296) 715-3356,"43356 Edwards Burg, New Julieton, IN 82907"
118,George Mendez II,george.mendez.ii@gmail.com,(726) 427-2384,"56869 Kendra Manors, Walterburgh, NC 23051"
119,Calvin Hayes,calvin.hayes@gmail.com,(698) 543-9248,"52594 Soto Lake, Morrisonhaven, ME 64329"
120,Alison Brown,alison.brown@gmail.com,(790) 881-2047,"04464 Rodney Place, Kanemouth, CA 45152"
121,Robert Jackson,robert.jackson@gmail.com,(600) 240-3417,"8182 Ricardo Harbors Apt. 504, Anthonyborough, KY 22854"
122,Jordan Giles,jordan.giles@gmail.com,(774) 119-2438,"2332 Huang Track, Phillipbury, KY 24623"
123,Ronald Cook,ronald.cook@gmail.com,(692) 582-2226,"50548 Matthew Passage, East Martin, TN 01276"
124,Meredith Smith,meredith.smith@gmail.com,(525) 758-1456,"6756 Collins Junction, Martinezfurt, LA 47996"
125,Nicole Myers,nicole.myers@gmail.com,(248) 635-7143,"71783 Wagner Drive, New Sierrahaven, MT 24430"
126,Anthony Berger,anthony.berger@gmail.com,(871) 290-6068,"USNS Chung, FPO AA 01086"
127,Ryan Jones,ryan.jones@gmail.com,(953) 257-2545,"945 Taylor Pines, Port Jessicastad, CA 04008"
128,William Marquez,william.marquez@gmail.com,(366) 202-9702,"3751 Michelle Drive Suite 074, Salasmouth, GA 00998"
129,Jeffrey Pugh,jeffrey.pugh@gmail.com,(400) 595-5203,"400 Brandon Row, Jayborough, DC 41279"
130,Janice Gill,janice.gill@gmail.com,(614) 674-1629,"Unit 2190 Box 4416, DPO AE 40311"
131,Karen Fletcher,karen.fletcher@gmail.com,(421) 425-2848,"680 Cody Roads Apt. 604, Williamsberg, MT 64731"
132,William Hill,william.hill@gmail.com,(806) 280-2396,"680 Stephanie Pass, North Matthew, NM 83180"
133,Maria Sanchez,maria.sanchez@gmail.com,(361) 440-1947,"246 Debbie Terrace, Louisbury, AZ 39321"
134,Cassie Robinson,cassie.robinson@gmail.com,(408) 743-1187,"7662 Valentine Ferry Suite 843, Michaelstad, WI 28447"
135,Eric Brown,eric.brown@gmail.com,(566) 381-7699,"51129 Smith Loaf, Brittanychester, RI 57568"
136,Jennifer Larson,jennifer.larson@gmail.com,(745) 432-1970,"4938 Steven Loaf, South Miguelberg, AK 09033"
137,Anthony Soto,anthony.soto@gmail.com,(497) 726-7463,"98358 Klein Plain, South Jennifer, DE 25425"
138,Kerry Henderson,kerry.henderson@gmail.com,(267) 714-7574,"222 Chen Green, Bestberg, OH 72752"
139,Jason Romero MD,jason.romero.md@gmail.com,(341) 452-7940,"758 Alvarez Place, East Kimberly, MI 74993"
140,Chelsea Garcia,chelsea.garcia@gmail.com,(675) 276-9082,"Unit 2982 Box 7193, DPO AA 17943"
141,Stephen Chan,stephen.chan@gmail.com,(671) 424-6485,"897 Keith Meadows Suite 311, Port Nicole, RI 30799"
142,Anthony Gaines,anthony.gaines@gmail.com,(338) 488-8057,"6918 Shelton Way Suite 011, Brianfurt, UT 59109"
143,Jamie Preston,jamie.preston@gmail.com,(863) 684-6631,"9546 Dale Gardens Apt. 882, East Kelseyport, CT 89911"
144,Kenneth Smith,kenneth.smith@gmail.com,(965) 538-1416,"62764 Henry Plains Suite 122, Arnoldport, CA 71363"
145,Rebecca Nguyen,rebecca.nguyen@gmail.com,(462) 874-6026,"911 Mccormick Lights, Brownview, KY 26673"
146,Anthony Briggs,anthony.briggs@gmail.com,(646) 126-6393,"9258 Christopher Spurs Apt. 742, Angelashire, WA 88066"
147,Megan Mccall,megan.mccall@gmail.com,(794) 963-9437,"9023 Charles Keys, South Eric, MO 80424"
148,Heather Martin,heather.martin@gmail.com,(922) 743-6575,"76244 Harper Lights Apt. 323, New Alyssatown, OH 75437"
149,Kristen Shelton,kristen.shelton@gmail.com,(418) 771-5724,"324 Jessica Valleys Apt. 046, Moralesmouth, TX 28831"
150,John Thornton,john.thornton@gmail.com,(521) 454-9904,"374 Charles Shore, West Alexis, AL 80701"
151,Whitney Duncan,whitney.duncan@gmail.com,(882) 904-9430,"655 Adam Well Suite 214, Lake Linda, OK 22436"
152,David Frederick,david.frederick@gmail.com,(780) 805-2051,"USCGC Nelson, FPO AE 29873"
153,Luis Tanner,luis.tanner@gmail.com,(570) 181-2523,"317 Watson Isle Apt. 626, New Thomaston, NE 24178"
154,Ashley Johnson,ashley.johnson@gmail.com,(969) 101-4992,"594 Ashley Mountain, Richardmouth, VT 04258"
155,Amy Lawrence,amy.lawrence@gmail.com,(763) 956-4773,"0496 Angela Path, Tracyview, KS 39225"
156,Shawn Brown,shawn.brown@gmail.com,(834) 621-3657,"96589 Carly Inlet Suite 784, Lake Edward, IN 04798"
157,Richard Reed,richard.reed@gmail.com,(803) 664-6641,"4428 Jason Mills, East John, AR 48139"
158,Chris Davis,chris.davis@gmail.com,(238) 676-8546,"21361 Carol Street, Kristinatown, WA 25040"
159,Steven Brown,steven.brown@gmail.com,(709) 270-7639,"00123 Parker Square Suite 024, New Edwardburgh, DE 61672"
160,Brooke Bowers,brooke.bowers@gmail.com,(485) 897-1295,"815 Parker Island Apt. 330, Guerraview, OK 04432"
161,Courtney Bolton DDS,courtney.bolton.dds@gmail.com,(543) 804-6736,"2583 Marquez Road, Ortizport, NM 87795"
162,Sarah Yu,sarah.yu@gmail.com,(930) 340-3516,"062 Mary Centers, Lake Jason, HI 11398"
163,Jennifer Young,jennifer.young@gmail.com,(655) 638-4708,"8153 Bennett Village Suite 577, Josebury, NY 04914"
164,Erik Gibson,erik.gibson@gmail.com,(892) 662-4692,"88587 Thomas Ridge Apt. 787, South Kelly, NC 16407"
165,Jesus Mills,jesus.mills@gmail.com,(203) 842-8711,"40736 Lisa Lake Suite 988, Port Taylor, ID 23081"
166,David Lopez,david.lopez@gmail.com,(284) 432-1120,"14774 Gina Road, East Jessicaview, VA 14514"
167,Joshua Martinez,joshua.martinez@gmail.com,(944) 788-8121,"9739 Chaney Shores, Rivasmouth, NH 68122"
168,Mr. David Williams DVM,mr..david.williams.dvm@gmail.com,(277) 319-3986,"56222 Nelson Stravenue Suite 021, Westville, IA 32340"
169,Robert Chambers Jr.,robert.chambers.jr.@gmail.com,(236) 836-5445,"85413 Kevin Glen Suite 485, Dorisland, NC 11918"
170,Thomas Perez,thomas.perez@gmail.com,(396) 417-8147,"USNS Burke, FPO AE 12783"
171,Annette Sanchez,annette.sanchez@gmail.com,(313) 668-2111,"4150 Lance Station Suite 169, Sharonfort, MT 45894"
172,Carly Baldwin,carly.baldwin@gmail.com,(530) 155-8030,"346 Long Pine Suite 987, Richmouth, MD 17458"
173,Doris Jordan,doris.jordan@gmail.com,(639) 632-2300,"0496 Young Mountains, East Greggfurt, MI 62829"
174,Mary Oconnor,mary.oconnor@gmail.com,(439) 793-1144,"Unit 9068 Box 8169, DPO AA 29588"
175,Brent Fleming,brent.fleming@gmail.com,(235) 873-8278,"65325 Christina Turnpike, Lake Vanessachester, AK 81166"
176,Caitlin Hughes,caitlin.hughes@gmail.com,(767) 978-5327,"986 Dave Course Apt. 569, Porterberg, SD 05514"
177,Kelli Cruz,kelli.cruz@gmail.com,(974) 693-9239,"7547 Kevin Road, Davishaven, IA 99660"
178,John Alvarez,john.alvarez@gmail.com,(308) 240-9764,"791 Gregory Port, Jasonview, PA 52927"
179,Timothy Ramirez,timothy.ramirez@gmail.com,(359) 296-5543,"5259 Elizabeth Orchard, Santosmouth, NM 09396"
180,Steve Wilson,steve.wilson@gmail.com,(785) 457-2869,"9605 Adam Park, New Veronica, UT 57162"
181,Mary Alvarado,mary.alvarado@gmail.com,(892) 503-3660,"7896 Tiffany Square Apt. 490, West Tonya, WI 02916"
182,Travis Ramirez,travis.ramirez@gmail.com,(434) 529-5336,"25026 Freeman Freeway, Hunterhaven, WA 45461"
183,Ryan Hopkins,ryan.hopkins@gmail.com,(611) 703-4670,"9812 Montoya Crossing Suite 837, Arthurside, HI 93136"
184,Michael Gibbs,michael.gibbs@gmail.com,(540) 616-4753,"466 Kenneth Drive Suite 990, West Sara, SC 50761"
185,Jennifer Harrison,jennifer.harrison@gmail.com,(925) 724-6876,"60156 Velasquez Haven Apt. 475, Lake Leslie, KY 37381"
186,Michael Houston,michael.houston@gmail.com,(252) 242-6762,"8343 Anthony Street Suite 061, West Michael, IA 02237"
187,Adam Mcknight,adam.mcknight@gmail.com,(278) 454-8081,"2066 Ayers Vista, New Kyletown, OH 91269"
188,Michele Ortiz,michele.ortiz@gmail.com,(786) 353-4681,"4399 Fuller Track, Michelletown, SD 84056"
189,Emily Colon,emily.colon@gmail.com,(602) 943-5618,"90150 Krueger Bridge Apt. 022, Torresshire, WY 00626"
190,Natalie Lowe,natalie.lowe@gmail.com,(496) 687-3012,"9758 Cassandra Brooks Apt. 201, Mccallport, MS 24700"
191,Ryan Harris,ryan.harris@gmail.com,(793) 781-2773,"USNV Wong, FPO AA 38601"
192,Suzanne Nguyen,suzanne.nguyen@gmail.com,(328) 892-6056,"0080 Tara Neck, Patriciaside, IN 20778"
193,Laura Allen,laura.allen@gmail.com,(347) 161-1432,"432 Deborah Ville Suite 976, South Kristenmouth, IA 43179"
194,Mitchell Santos,mitchell.santos@gmail.com,(226) 531-5876,"57705 Allen Grove, Charlesfurt, MI 48658"
195,Joel Small,joel.small@gmail.com,(389) 801-3288,"21813 Daniel Canyon, Walkertown, MA 10199"
196,Monica Richardson,monica.richardson@gmail.com,(387) 782-6219,"10515 Christina Light, Brittanymouth, IN 18826"
197,Tiffany Riley,tiffany.riley@gmail.com,(316) 761-3195,"1431 Taylor River, Lake Matthewstad, NC 84910"
198,Casey Curtis,casey.curtis@gmail.com,(235) 970-6681,"USNS Johnson, FPO AA 16239"
199,Ronald Armstrong,ronald.armstrong@gmail.com,(207) 913-1187,"6852 Henderson Way Suite 245, Anthonymouth, WA 21860"
200,Anthony Hernandez,anthony.hernandez@gmail.com,(291) 910-2317,"274 Courtney Forks Apt. 665, Lorimouth, CO 91001"
201,Sarah Johnson,sarah.johnson@gmail.com,(500) 557-9287,"2243 Briggs Bypass Apt. 893, Lindastad, DE 16713"
202,Michael Anderson,michael.anderson@gmail.com,(958) 248-6868,"7808 Lopez Islands, Castilloborough, HI 68748"
203,Donald Berry,donald.berry@gmail.com,(397) 164-5578,"60571 Caleb Loop, Mccannview, SD 09111"
204,Timothy Jones,timothy.jones@gmail.com,(848) 494-8996,"61584 Moore Turnpike, South Travischester, MT 89435"
205,Justin Lucas,justin.lucas@gmail.com,(726) 993-5106,"23387 Michael Expressway Apt. 120, North Franciscotown, VA 75000"
206,Vanessa Rodgers,vanessa.rodgers@gmail.com,(442) 440-4152,"287 Shannon Trail, Grayton, AL 94315"
207,Frank Hicks,frank.hicks@gmail.com,(666) 825-1920,"78476 Chad Tunnel, Brewermouth, AL 21614"
208,Kevin Bowers,kevin.bowers@gmail.com,(717) 376-3708,"7383 William Mountain, Port Gregory, WY 60570"
209,William Lee,william.lee@gmail.com,(495) 368-7406,"9963 Mclaughlin Glens, Nelsonchester, GA 19519"
210,Christina Brooks,christina.brooks@gmail.com,(601) 504-7179,"73926 James Fords Apt. 558, North Tinatown, MD 60764"
211,Amy Munoz,amy.munoz@gmail.com,(211) 244-9070,"5970 Valencia Estate Apt. 561, East Christine, NJ 79970"
212,James Black,james.black@gmail.com,(743) 235-4640,"35517 Pacheco Forks, Nguyenmouth, NC 08896"
213,Madison Mosley,madison.mosley@gmail.com,(699) 615-7889,"5905 Nicholas Coves, Wheelerfurt, RI 28767"
214,Jacqueline George,jacqueline.george@gmail.com,(431) 480-1435,"83509 Ward Knoll, Burnetthaven, MA 12613"
215,Alice Collins,alice.collins@gmail.com,(697) 154-6984,"2858 Nichole Stravenue Apt. 952, North Michaelside, NY 91489"
216,Susan Baker,susan.baker@gmail.com,(835) 625-3141,"60810 Williams Courts, North Jeremyborough, MT 75219"
217,Tonya Sherman,tonya.sherman@gmail.com,(795) 161-1954,"20927 Carol Valley, North Kennethville, IN 88699"
218,Andrew Melendez,andrew.melendez@gmail.com,(935) 885-8393,"3068 Christine Route, Erinburgh, IN 59341"
219,Alicia Buck,alicia.buck@gmail.com,(608) 171-3907,"31658 Duran Skyway Apt. 932, Monicabury, WI 39068"
220,Steven Valenzuela,steven.valenzuela@gmail.com,(716) 674-1601,"26542 Reynolds Plaza, North Jerrytown, NC 53405"
221,Kylie Dixon,kylie.dixon@gmail.com,(966) 109-6071,"USNV Knapp, FPO AE 41404"
222,Jason Hernandez,jason.hernandez@gmail.com,(345) 969-2761,"93354 Barnett Stream Apt. 703, New Frank, CO 63514"
223,James Mendoza,james.mendoza@gmail.com,(210) 155-7926,"88974 Sexton Squares, Holmesburgh, AZ 62480"
224,Christine Ford,christine.ford@gmail.com,(244) 416-6963,"709 Mccormick Bridge, Port Brookeville, IN 86454"
225,Michael Taylor,michael.taylor@gmail.com,(258) 118-3267,"9915 William Highway Suite 480, Morganview, MD 78798"
226,Kelly Bass,kelly.bass@gmail.com,(572) 288-7967,"0161 Fleming Stream, Coreyshire, NM 40109"
227,Renee Hayes,renee.hayes@gmail.com,(682) 261-6581,"Unit 8472 Box 3087, DPO AE 32740"
228,Kim Baxter,kim.baxter@gmail.com,(342) 591-1946,"42824 Hill Rue Suite 019, Johnsonmouth, RI 33462"
229,Tony Ortiz,tony.ortiz@gmail.com,(976) 856-7733,"855 Timothy View, Castroburgh, CT 20792"
230,Jason Rios,jason.rios@gmail.com,(941) 828-5999,"37168 Wilson Lights, Lake Glennville, AK 38965"
231,Rhonda Nguyen,rhonda.nguyen@gmail.com,(901) 292-2945,"695 Morrison Roads Apt. 295, Port Stanley, MN 04375"
232,Kevin Sharp,kevin.sharp@gmail.com,(258) 473-7722,"146 Sylvia Underpass Apt. 581, Sandersport, FL 17108"
233,Teresa Johnson,teresa.johnson@gmail.com,(963) 109-8955,"20390 Eric Radial Apt. 225, Melindaberg, WA 25609"
234,Douglas Holden,douglas.holden@gmail.com,(697) 959-4568,"11775 Castro Road, Lake Steven, FL 31139"
235,Erin Marshall,erin.marshall@gmail.com,(373) 818-9520,"523 Collier Creek, Port Emilyshire, IN 47111"
236,Scott Bryant,scott.bryant@gmail.com,(488) 937-4213,"172 Arthur Ramp, Loweryton, CO 35175"
237,Christine Phelps,christine.phelps@gmail.com,(821) 613-5747,"703 Rachel Station, Port Kevin, ME 90540"
238,Cindy Howard,cindy.howard@gmail.com,(723) 706-6402,"000 Boyer Trafficway, Port Ericbury, MT 59954"
239,Jon White,jon.white@gmail.com,(466) 107-5256,"34014 Jaime Mission, Lake Susanmouth, WA 71143"
240,Melissa Thompson,melissa.thompson@gmail.com,(989) 320-5024,"90257 Davis Divide, Michellestad, CT 88339"
241,Daniel Glass,daniel.glass@gmail.com,(730) 509-1958,"59484 Johnson Junctions, Lake Jaime, NV 60053"
242,Alexander Bowen,alexander.bowen@gmail.com,(280) 478-3565,"8209 Rebecca Estate, Villarrealbury, VA 41688"
243,Barry Reyes,barry.reyes@gmail.com,(864) 969-2316,"147 Heidi Pine Apt. 705, East Marcberg, NE 78792"
244,Robert Barajas,robert.barajas@gmail.com,(609) 313-7157,"4876 Chavez Keys Suite 153, Jeremyberg, FL 34324"
245,Russell White,russell.white@gmail.com,(958) 787-8429,"605 Boyer Key, Johnsonside, MN 20448"
246,Joshua Garcia,joshua.garcia@gmail.com,(998) 883-3505,"PSC 7857, Box 8363, APO AA 16879"
247,Shannon Bond,shannon.bond@gmail.com,(782) 365-5120,"666 David Harbor Apt. 191, Lake Christopherborough, AZ 95196"
248,Jerry Smith,jerry.smith@gmail.com,(821) 248-4328,"070 Brittany Mills, Russellborough, IL 79438"
249,Kevin Savage,kevin.savage@gmail.com,(600) 348-9704,"318 Wagner Common, Padillaton, VT 87102"
250,Robin Delgado,robin.delgado@gmail.com,(398) 599-6060,"13561 Amanda Spurs Suite 469, Gilltown, HI 73944"
